district,rice_type_name,season_name,quantity_kg
Colombo,Nadu,Maha 2024/2025,6560377
Colombo,Keeri Samba,Maha 2024/2025,728931
Colombo,Samba,Maha 2024/2025,761692
Gampaha,Nadu,Maha 2024/2025,22661048
Gampaha,Keeri Samba,Maha 2024/2025,2517894
Gampaha,Samba,Maha 2024/2025,2631058
Kalutara,Nadu,Maha 2024/2025,19743061
Kalutara,Keeri Samba,Maha 2024/2025,2193673
Kalutara,Samba,Maha 2024/2025,2292266
Kandy,Nadu,Maha 2024/2025,25119458
Kandy,Keeri Samba,Maha 2024/2025,2791051
Kandy,Samba,Maha 2024/2025,2916491
Matale,Nadu,Maha 2024/2025,58721530
Matale,Keeri Samba,Maha 2024/2025,6524614
Matale,Samba,Maha 2024/2025,6817856
Nuwaraeliya,Nadu,Maha 2024/2025,6377036
Nuwaraeliya,Keeri Samba,Maha 2024/2025,708560
Nuwaraeliya,Samba,Maha 2024/2025,740405
Galle,Nadu,Maha 2024/2025,14013833
Galle,Keeri Samba,Maha 2024/2025,1557093
Galle,Samba,Maha 2024/2025,1627074
Matara,Nadu,Maha 2024/2025,24177488
Matara,Keeri Samba,Maha 2024/2025,2686388
Matara,Samba,Maha 2024/2025,2807124
Hambantota,Nadu,Maha 2024/2025,147427187
Hambantota,Keeri Samba,Maha 2024/2025,16380799
Hambantota,Samba,Maha 2024/2025,17117014
Jaffna,Nadu,Maha 2024/2025,15829325
Jaffna,Keeri Samba,Maha 2024/2025,1758814
Jaffna,Samba,Maha 2024/2025,1837862
Mannar,Nadu,Maha 2024/2025,77393060
Mannar,Keeri Samba,Maha 2024/2025,8599229
Mannar,Samba,Maha 2024/2025,8985711
Vavuniya,Nadu,Maha 2024/2025,62947355
Vavuniya,Keeri Samba,Maha 2024/2025,6994151
Vavuniya,Samba,Maha 2024/2025,7308494
Mulativu,Nadu,Maha 2024/2025,48639360
Mulativu,Keeri Samba,Maha 2024/2025,5404373
Mulativu,Samba,Maha 2024/2025,5647267
Killinochchi,Nadu,Maha 2024/2025,50547745
Killinochchi,Keeri Samba,Maha 2024/2025,5616416
Killinochchi,Samba,Maha 2024/2025,5868839
Batticaloa,Nadu,Maha 2024/2025,127709387
Batticaloa,Keeri Samba,Maha 2024/2025,14189932
Batticaloa,Samba,Maha 2024/2025,14827682
Ampara,Nadu,Maha 2024/2025,229636840
Ampara,Keeri Samba,Maha 2024/2025,25515204
Ampara,Samba,Maha 2024/2025,26661955
Trincomalee,Nadu,Maha 2024/2025,142829789
Trincomalee,Keeri Samba,Maha 2024/2025,15869977
Trincomalee,Samba,Maha 2024/2025,16583234
Kurunegala,Nadu,Maha 2024/2025,263903832
Kurunegala,Keeri Samba,Maha 2024/2025,29322648
Kurunegala,Samba,Maha 2024/2025,30640520
Puttalam,Nadu,Maha 2024/2025,54538077
Puttalam,Keeri Samba,Maha 2024/2025,6059786
Puttalam,Samba,Maha 2024/2025,6332136
Anuradhapura,Nadu,Maha 2024/2025,355265908
Anuradhapura,Keeri Samba,Maha 2024/2025,39473990
Anuradhapura,Samba,Maha 2024/2025,41248102
Polonnaruwa,Nadu,Maha 2024/2025,240634090
Polonnaruwa,Keeri Samba,Maha 2024/2025,26737121
Polonnaruwa,Samba,Maha 2024/2025,27938789
Badulla,Nadu,Maha 2024/2025,69611219
Badulla,Keeri Samba,Maha 2024/2025,7734580
Badulla,Samba,Maha 2024/2025,8082201
Monaragala,Nadu,Maha 2024/2025,118461626
Monaragala,Keeri Samba,Maha 2024/2025,13162403
Monaragala,Samba,Maha 2024/2025,13753972
Ratnapura,Nadu,Maha 2024/2025,36737625
Ratnapura,Keeri Samba,Maha 2024/2025,4081958
Ratnapura,Samba,Maha 2024/2025,4265417
Kegalle,Nadu,Maha 2024/2025,17526662
Kegalle,Keeri Samba,Maha 2024/2025,1947407
Kegalle,Samba,Maha 2024/2025,2034931
Colombo,Nadu,Yala 2024,2103949
Colombo,Keeri Samba,Yala 2024,233772
Colombo,Samba,Yala 2024,244279
Gampaha,Nadu,Yala 2024,11239260
Gampaha,Keeri Samba,Yala 2024,1248807
Gampaha,Samba,Yala 2024,1304933
Kalutara,Nadu,Yala 2024,12026408
Kalutara,Keeri Samba,Yala 2024,1336268
Kalutara,Samba,Yala 2024,1396325
Kandy,Nadu,Yala 2024,16292976
Kandy,Keeri Samba,Yala 2024,1810331
Kandy,Samba,Yala 2024,1891694
Matale,Nadu,Yala 2024,35183701
Matale,Keeri Samba,Yala 2024,3909300
Matale,Samba,Yala 2024,4084999
Nuwaraeliya,Nadu,Yala 2024,3821658
Nuwaraeliya,Keeri Samba,Yala 2024,424629
Nuwaraeliya,Samba,Yala 2024,443713
Galle,Nadu,Yala 2024,6240140
Galle,Keeri Samba,Yala 2024,693349
Galle,Samba,Yala 2024,724511
Matara,Nadu,Yala 2024,20116263
Matara,Keeri Samba,Yala 2024,2235140
Matara,Samba,Yala 2024,2335596
Hambantota,Nadu,Yala 2024,135022688
Hambantota,Keeri Samba,Yala 2024,15002521
Hambantota,Samba,Yala 2024,15676791
Mannar,Nadu,Yala 2024,5060234
Mannar,Keeri Samba,Yala 2024,562248
Mannar,Samba,Yala 2024,587518
Vavuniya,Nadu,Yala 2024,17707560
Vavuniya,Keeri Samba,Yala 2024,1967507
Vavuniya,Samba,Yala 2024,2055934
Mulativu,Nadu,Yala 2024,26484336
Mulativu,Keeri Samba,Yala 2024,2942704
Mulativu,Samba,Yala 2024,3074960
Killinochchi,Nadu,Yala 2024,28897114
Killinochchi,Keeri Samba,Yala 2024,3210790
Killinochchi,Samba,Yala 2024,3355096
Batticaloa,Nadu,Yala 2024,86852683
Batticaloa,Keeri Samba,Yala 2024,9650298
Batticaloa,Samba,Yala 2024,10084019
Ampara,Nadu,Yala 2024,272107767
Ampara,Keeri Samba,Yala 2024,30234196
Ampara,Samba,Yala 2024,31593037
Trincomalee,Nadu,Yala 2024,110049089
Trincomalee,Keeri Samba,Yala 2024,12227677
Trincomalee,Samba,Yala 2024,12777235
Kurunegala,Nadu,Yala 2024,171317033
Kurunegala,Keeri Samba,Yala 2024,19035226
Kurunegala,Samba,Yala 2024,19890742
Puttalam,Nadu,Yala 2024,37972126
Puttalam,Keeri Samba,Yala 2024,4219125
Puttalam,Samba,Yala 2024,4408749
Anuradhapura,Nadu,Yala 2024,196463380
Anuradhapura,Keeri Samba,Yala 2024,21829264
Anuradhapura,Samba,Yala 2024,22810355
Polonnaruwa,Nadu,Yala 2024,274443134
Polonnaruwa,Keeri Samba,Yala 2024,30493682
Polonnaruwa,Samba,Yala 2024,31864184
Badulla,Nadu,Yala 2024,42100984
Badulla,Keeri Samba,Yala 2024,4677887
Badulla,Samba,Yala 2024,4888129
Monaragala,Nadu,Yala 2024,56829443
Monaragala,Keeri Samba,Yala 2024,6314383
Monaragala,Samba,Yala 2024,6598175
Ratnapura,Nadu,Yala 2024,32672326
Ratnapura,Keeri Samba,Yala 2024,3630258
Ratnapura,Samba,Yala 2024,3793416
Kegalle,Nadu,Yala 2024,9548442
Kegalle,Keeri Samba,Yala 2024,1060938
Kegalle,Samba,Yala 2024,1108621
Colombo,Nadu,Maha 2023/2024,8594249
Colombo,Keeri Samba,Maha 2023/2024,954917
Colombo,Samba,Maha 2023/2024,997834
Gampaha,Nadu,Maha 2023/2024,22768608
Gampaha,Keeri Samba,Maha 2023/2024,2529845
Gampaha,Samba,Maha 2023/2024,2643546
Kalutara,Nadu,Maha 2023/2024,26190989
Kalutara,Keeri Samba,Maha 2023/2024,2910110
Kalutara,Samba,Maha 2023/2024,3040901
Kandy,Nadu,Maha 2023/2024,31682280
Kandy,Keeri Samba,Maha 2023/2024,3520253
Kandy,Samba,Maha 2023/2024,3678467
Matale,Nadu,Maha 2023/2024,59678982
Matale,Keeri Samba,Maha 2023/2024,6630998
Matale,Samba,Maha 2023/2024,6929020
Nuwaraeliya,Nadu,Maha 2023/2024,8803666
Nuwaraeliya,Keeri Samba,Maha 2023/2024,978185
Nuwaraeliya,Samba,Maha 2023/2024,1022149
Galle,Nadu,Maha 2023/2024,13021343
Galle,Keeri Samba,Maha 2023/2024,1446816
Galle,Samba,Maha 2023/2024,1511841
Matara,Nadu,Maha 2023/2024,20723329
Matara,Keeri Samba,Maha 2023/2024,2302592
Matara,Samba,Maha 2023/2024,2406079
Hambantota,Nadu,Maha 2023/2024,145086931
Hambantota,Keeri Samba,Maha 2023/2024,16120770
Hambantota,Samba,Maha 2023/2024,16845299
Jaffna,Nadu,Maha 2023/2024,22067020
Jaffna,Keeri Samba,Maha 2023/2024,2451891
Jaffna,Samba,Maha 2023/2024,2562089
Mannar,Nadu,Maha 2023/2024,94198578
Mannar,Keeri Samba,Maha 2023/2024,10466509
Mannar,Samba,Maha 2023/2024,10936914
Vavuniya,Nadu,Maha 2023/2024,67925289
Vavuniya,Keeri Samba,Maha 2023/2024,7547254
Vavuniya,Samba,Maha 2023/2024,7886457
Mulativu,Nadu,Maha 2023/2024,53377727
Mulativu,Keeri Samba,Maha 2023/2024,5930859
Mulativu,Samba,Maha 2023/2024,6197414
Killinochchi,Nadu,Maha 2023/2024,40330309
Killinochchi,Keeri Samba,Maha 2023/2024,4481145
Killinochchi,Samba,Maha 2023/2024,4682545
Batticaloa,Nadu,Maha 2023/2024,116134407
Batticaloa,Keeri Samba,Maha 2023/2024,12903823
Batticaloa,Samba,Maha 2023/2024,17983770
Ampara,Nadu,Maha 2023/2024,217579468
Ampara,Keeri Samba,Maha 2023/2024,24175496
Ampara,Samba,Maha 2023/2024,25262036
Trincomalee,Nadu,Maha 2023/2024,125127119
Trincomalee,Keeri Samba,Maha 2023/2024,13903013
Trincomalee,Samba,Maha 2023/2024,14527868
Kurunegala,Nadu,Maha 2023/2024,218571143
Kurunegala,Keeri Samba,Maha 2023/2024,24285683
Kurunegala,Samba,Maha 2023/2024,25377174
Puttalam,Nadu,Maha 2023/2024,51905289
Puttalam,Keeri Samba,Maha 2023/2024,5767254
Puttalam,Samba,Maha 2023/2024,6026457
Anuradhapura,Nadu,Maha 2023/2024,380597228
Anuradhapura,Keeri Samba,Maha 2023/2024,42288581
Anuradhapura,Samba,Maha 2023/2024,44189191
Polonnaruwa,Nadu,Maha 2023/2024,236462860
Polonnaruwa,Keeri Samba,Maha 2023/2024,26273651
Polonnaruwa,Samba,Maha 2023/2024,27454489
Badulla,Nadu,Maha 2023/2024,81100639
Badulla,Keeri Samba,Maha 2023/2024,9011182
Badulla,Samba,Maha 2023/2024,9416179
Monaragala,Nadu,Maha 2023/2024,120654394
Monaragala,Keeri Samba,Maha 2023/2024,13406044
Monaragala,Samba,Maha 2023/2024,14008563
Ratnapura,Nadu,Maha 2023/2024,38480594
Ratnapura,Keeri Samba,Maha 2023/2024,4275622
Ratnapura,Samba,Maha 2023/2024,4467784
Kegalle,Nadu,Maha 2023/2024,16931820
Kegalle,Keeri Samba,Maha 2023/2024,1881313
Kegalle,Samba,Maha 2023/2024,1965867
Colombo,Nadu,Yala 2023,3637502
Colombo,Keeri Samba,Yala 2023,404167
Colombo,Samba,Yala 2023,422332
Gampaha,Nadu,Yala 2023,14994101
Gampaha,Keeri Samba,Yala 2023,1666011
Gampaha,Samba,Yala 2023,1740888
Kalutara,Nadu,Yala 2023,17041010
Kalutara,Keeri Samba,Yala 2023,1893446
Kalutara,Samba,Yala 2023,1978544
Kandy,Nadu,Yala 2023,23903698
Kandy,Keeri Samba,Yala 2023,2655966
Kandy,Samba,Yala 2023,2775336
Matale,Nadu,Yala 2023,33701484
Matale,Keeri Samba,Yala 2023,3744609
Matale,Samba,Yala 2023,3912906
Nuwaraeliya,Nadu,Yala 2023,4606361
Nuwaraeliya,Keeri Samba,Yala 2023,511818
Nuwaraeliya,Samba,Yala 2023,534821
Galle,Nadu,Yala 2023,6948247
Galle,Keeri Samba,Yala 2023,772027
Galle,Samba,Yala 2023,806725
Matara,Nadu,Yala 2023,18732644
Matara,Keeri Samba,Yala 2023,2081405
Matara,Samba,Yala 2023,2174951
Hambantota,Nadu,Yala 2023,119221068
Hambantota,Keeri Samba,Yala 2023,13246785
Hambantota,Samba,Yala 2023,13842146
Mannar,Nadu,Yala 2023,8896560
Mannar,Keeri Samba,Yala 2023,988507
Mannar,Samba,Yala 2023,1032934
Vavuniya,Nadu,Yala 2023,17309911
Vavuniya,Keeri Samba,Yala 2023,1923323
Vavuniya,Samba,Yala 2023,2009765
Mulativu,Nadu,Yala 2023,19534459
Mulativu,Keeri Samba,Yala 2023,2170495
Mulativu,Samba,Yala 2023,2268046
Killinochchi,Nadu,Yala 2023,19845732
Killinochchi,Keeri Samba,Yala 2023,2205081
Killinochchi,Samba,Yala 2023,2304186
Batticaloa,Nadu,Yala 2023,85857748
Batticaloa,Keeri Samba,Yala 2023,9539750
Batticaloa,Samba,Yala 2023,9968503
Ampara,Nadu,Yala 2023,213440832
Ampara,Keeri Samba,Yala 2023,23715648
Ampara,Samba,Yala 2023,24781520
Trincomalee,Nadu,Yala 2023,103467525
Trincomalee,Keeri Samba,Yala 2023,11496392
Trincomalee,Samba,Yala 2023,12013083
Kurunegala,Nadu,Yala 2023,168097550
Kurunegala,Keeri Samba,Yala 2023,18677506
Kurunegala,Samba,Yala 2023,19516944
Puttalam,Nadu,Yala 2023,45576330
Puttalam,Keeri Samba,Yala 2023,5064037
Puttalam,Samba,Yala 2023,5291634
Anuradhapura,Nadu,Yala 2023,182788526
Anuradhapura,Keeri Samba,Yala 2023,20309836
Anuradhapura,Samba,Yala 2023,21222638
Polonnaruwa,Nadu,Yala 2023,233948225
Polonnaruwa,Keeri Samba,Yala 2023,25994247
Polonnaruwa,Samba,Yala 2023,27162528
Badulla,Nadu,Yala 2023,41559922
Badulla,Keeri Samba,Yala 2023,4617769
Badulla,Samba,Yala 2023,4885309
Monaragala,Nadu,Yala 2023,53019192
Monaragala,Keeri Samba,Yala 2023,5891021
Monaragala,Samba,Yala 2023,6155786
Ratnapura,Nadu,Yala 2023,30287252
Ratnapura,Keeri Samba,Yala 2023,3365250
Ratnapura,Samba,Yala 2023,3516497
Kegalle,Nadu,Yala 2023,14489707
Kegalle,Keeri Samba,Yala 2023,1609967
Kegalle,Samba,Yala 2023,1682326
Colombo,Nadu,Maha 2022/2023,8329422
Colombo,Keeri Samba,Maha 2022/2023,925491
Colombo,Samba,Maha 2022/2023,967086
Gampaha,Nadu,Maha 2022/2023,29262168
Gampaha,Keeri Samba,Maha 2022/2023,3251352
Gampaha,Samba,Maha 2022/2023,3397480
Kalutara,Nadu,Maha 2022/2023,26868131
Kalutara,Keeri Samba,Maha 2022/2023,2985348
Kalutara,Samba,Maha 2022/2023,3119521
Kandy,Nadu,Maha 2022/2023,30640898
Kandy,Keeri Samba,Maha 2022/2023,3404544
Kandy,Samba,Maha 2022/2023,3557557
Matale,Nadu,Maha 2022/2023,62632822
Matale,Keeri Samba,Maha 2022/2023,6959202
Matale,Samba,Maha 2022/2023,7271976
Nuwaraeliya,Nadu,Maha 2022/2023,8880262
Nuwaraeliya,Keeri Samba,Maha 2022/2023,986696
Nuwaraeliya,Samba,Maha 2022/2023,1031042
Galle,Nadu,Maha 2022/2023,19395934
Galle,Keeri Samba,Maha 2022/2023,2155104
Galle,Samba,Maha 2022/2023,2251962
Matara,Nadu,Maha 2022/2023,31684724
Matara,Keeri Samba,Maha 2022/2023,3520525
Matara,Samba,Maha 2022/2023,3678751
Hambantota,Nadu,Maha 2022/2023,145155378
Hambantota,Keeri Samba,Maha 2022/2023,16128375
Hambantota,Samba,Maha 2022/2023,16853246
Jaffna,Nadu,Maha 2022/2023,23523977
Jaffna,Keeri Samba,Maha 2022/2023,2613775
Jaffna,Samba,Maha 2022/2023,2731248
Mannar,Nadu,Maha 2022/2023,60167893
Mannar,Keeri Samba,Maha 2022/2023,6685321
Mannar,Samba,Maha 2022/2023,6985785
Vavuniya,Nadu,Maha 2022/2023,50603155
Vavuniya,Keeri Samba,Maha 2022/2023,5622573
Vavuniya,Samba,Maha 2022/2023,5875273
Mulativu,Nadu,Maha 2022/2023,62152059
Mulativu,Keeri Samba,Maha 2022/2023,6905784
Mulativu,Samba,Maha 2022/2023,7216157
Killinochchi,Nadu,Maha 2022/2023,64817442
Killinochchi,Keeri Samba,Maha 2022/2023,7201938
Killinochchi,Samba,Maha 2022/2023,7525621
Batticaloa,Nadu,Maha 2022/2023,158628150
Batticaloa,Keeri Samba,Maha 2022/2023,17625350
Batticaloa,Samba,Maha 2022/2023,17917501
Ampara,Nadu,Maha 2022/2023,259544371
Ampara,Keeri Samba,Maha 2022/2023,28838263
Ampara,Samba,Maha 2022/2023,30134365
Trincomalee,Nadu,Maha 2022/2023,115401855
Trincomalee,Keeri Samba,Maha 2022/2023,12822428
Trincomalee,Samba,Maha 2022/2023,13398717
Kurunegala,Nadu,Maha 2022/2023,238526066
Kurunegala,Keeri Samba,Maha 2022/2023,26502896
Kurunegala,Samba,Maha 2022/2023,27694038
Puttalam,Nadu,Maha 2022/2023,47062621
Puttalam,Keeri Samba,Maha 2022/2023,5229180
Puttalam,Samba,Maha 2022/2023,5464199
Anuradhapura,Nadu,Maha 2022/2023,295986204
Anuradhapura,Keeri Samba,Maha 2022/2023,32887356
Anuradhapura,Samba,Maha 2022/2023,34365439
Polonnaruwa,Nadu,Maha 2022/2023,221080074
Polonnaruwa,Keeri Samba,Maha 2022/2023,24564453
Polonnaruwa,Samba,Maha 2022/2023,25668473
Badulla,Nadu,Maha 2022/2023,65312057
Badulla,Keeri Samba,Maha 2022/2023,7256895
Badulla,Samba,Maha 2022/2023,7583048
Monaragala,Nadu,Maha 2022/2023,113711036
Monaragala,Keeri Samba,Maha 2022/2023,12634560
Monaragala,Samba,Maha 2022/2023,13202405
Ratnapura,Nadu,Maha 2022/2023,38025906
Ratnapura,Keeri Samba,Maha 2022/2023,4225101
Ratnapura,Samba,Maha 2022/2023,4414993
Kegalle,Nadu,Maha 2022/2023,19482308
Kegalle,Keeri Samba,Maha 2022/2023,2164701
Kegalle,Samba,Maha 2022/2023,2261991
Colombo,Nadu,Yala 2022,4409982
Colombo,Keeri Samba,Yala 2022,489998
Colombo,Samba,Yala 2022,512020
Gampaha,Nadu,Yala 2022,16984785
Gampaha,Keeri Samba,Yala 2022,1887198
Gampaha,Samba,Yala 2022,1972016
Kalutara,Nadu,Yala 2022,18672345
Kalutara,Keeri Samba,Yala 2022,2074705
Kalutara,Samba,Yala 2022,2167950
Kandy,Nadu,Yala 2022,20976748
Kandy,Keeri Samba,Yala 2022,2330750
Kandy,Samba,Yala 2022,2435503
Matale,Nadu,Yala 2022,25730597
Matale,Keeri Samba,Yala 2022,2858955
Matale,Samba,Yala 2022,2987448
Nuwaraeliya,Nadu,Yala 2022,4883411
Nuwaraeliya,Keeri Samba,Yala 2022,542601
Nuwaraeliya,Samba,Yala 2022,566988
Galle,Nadu,Yala 2022,14582600
Galle,Keeri Samba,Yala 2022,1620289
Galle,Samba,Yala 2022,1693111
Matara,Nadu,Yala 2022,22960914
Matara,Keeri Samba,Yala 2022,2551213
Matara,Samba,Yala 2022,2665874
Hambantota,Nadu,Yala 2022,108371307
Hambantota,Keeri Samba,Yala 2022,12041256
Hambantota,Samba,Yala 2022,12582436
Mannar,Nadu,Yala 2022,6058428
Mannar,Keeri Samba,Yala 2022,673159
Mannar,Samba,Yala 2022,703413
Vavuniya,Nadu,Yala 2022,18321958
Vavuniya,Keeri Samba,Yala 2022,2035773
Vavuniya,Samba,Yala 2022,2127269
Mulativu,Nadu,Yala 2022,18849168
Mulativu,Keeri Samba,Yala 2022,2094352
Mulativu,Samba,Yala 2022,2188480
Killinochchi,Nadu,Yala 2022,21988795
Killinochchi,Keeri Samba,Yala 2022,2443199
Killinochchi,Samba,Yala 2022,2553006
Batticaloa,Nadu,Yala 2022,60885778
Batticaloa,Keeri Samba,Yala 2022,6765086
Batticaloa,Samba,Yala 2022,7069135
Ampara,Nadu,Yala 2022,180896438
Ampara,Keeri Samba,Yala 2022,20099604
Ampara,Samba,Yala 2022,21002957
Trincomalee,Nadu,Yala 2022,74644563
Trincomalee,Keeri Samba,Yala 2022,8293840
Trincomalee,Samba,Yala 2022,8666597
Kurunegala,Nadu,Yala 2022,127934286
Kurunegala,Keeri Samba,Yala 2022,14214921
Kurunegala,Samba,Yala 2022,14853793
Puttalam,Nadu,Yala 2022,25389174
Puttalam,Keeri Samba,Yala 2022,2821019
Puttalam,Samba,Yala 2022,2947807
Anuradhapura,Nadu,Yala 2022,127347592
Anuradhapura,Keeri Samba,Yala 2022,14149732
Anuradhapura,Samba,Yala 2022,14785675
Polonnaruwa,Nadu,Yala 2022,181234602
Polonnaruwa,Keeri Samba,Yala 2022,20137178
Polonnaruwa,Samba,Yala 2022,21042220
Badulla,Nadu,Yala 2022,29213277
Badulla,Keeri Samba,Yala 2022,3245920
Badulla,Samba,Yala 2022,3391804
Monaragala,Nadu,Yala 2022,42090391
Monaragala,Keeri Samba,Yala 2022,4676710
Monaragala,Samba,Yala 2022,4886899
Ratnapura,Nadu,Yala 2022,26780127
Ratnapura,Keeri Samba,Yala 2022,2975570
Ratnapura,Samba,Yala 2022,3109303
Kegalle,Nadu,Yala 2022,11842251
Kegalle,Keeri Samba,Yala 2022,1315806
Kegalle,Samba,Yala 2022,1374943
Colombo,Nadu,Maha 2021/2022,6654085
Colombo,Keeri Samba,Maha 2021/2022,739343
Colombo,Samba,Maha 2021/2022,772572
Gampaha,Nadu,Maha 2021/2022,22049094
Gampaha,Keeri Samba,Maha 2021/2022,2449899
Gampaha,Samba,Maha 2021/2022,2560007
Kalutara,Nadu,Maha 2021/2022,22285401
Kalutara,Keeri Samba,Maha 2021/2022,2476156
Kalutara,Samba,Maha 2021/2022,2587444
Kandy,Nadu,Maha 2021/2022,25432361
Kandy,Keeri Samba,Maha 2021/2022,2825818
Kandy,Samba,Maha 2021/2022,2952821
Matale,Nadu,Maha 2021/2022,48737957
Matale,Keeri Samba,Maha 2021/2022,5415329
Matale,Samba,Maha 2021/2022,5658714
Nuwaraeliya,Nadu,Maha 2021/2022,9066049
Nuwaraeliya,Keeri Samba,Maha 2021/2022,1007339
Nuwaraeliya,Samba,Maha 2021/2022,1052612
Galle,Nadu,Maha 2021/2022,17507921
Galle,Keeri Samba,Maha 2021/2022,1945325
Galle,Samba,Maha 2021/2022,2032755
Matara,Nadu,Maha 2021/2022,23435973
Matara,Keeri Samba,Maha 2021/2022,2603997
Matara,Samba,Maha 2021/2022,2721031
Hambantota,Nadu,Maha 2021/2022,101750631
Hambantota,Keeri Samba,Maha 2021/2022,11305626
Hambantota,Samba,Maha 2021/2022,11813744
Jaffna,Nadu,Maha 2021/2022,12233380
Jaffna,Keeri Samba,Maha 2021/2022,1359264
Jaffna,Samba,Maha 2021/2022,1420355
Mannar,Nadu,Maha 2021/2022,41782376
Mannar,Keeri Samba,Maha 2021/2022,4642486
Mannar,Samba,Maha 2021/2022,4851137
Vavuniya,Nadu,Maha 2021/2022,34404702
Vavuniya,Keeri Samba,Maha 2021/2022,3822745
Vavuniya,Samba,Maha 2021/2022,3994553
Mulativu,Nadu,Maha 2021/2022,35128291
Mulativu,Keeri Samba,Maha 2021/2022,3903143
Mulativu,Samba,Maha 2021/2022,4078566
Killinochchi,Nadu,Maha 2021/2022,49230943
Killinochchi,Keeri Samba,Maha 2021/2022,5470105
Killinochchi,Samba,Maha 2021/2022,5715952
Batticaloa,Nadu,Maha 2021/2022,78431997
Batticaloa,Keeri Samba,Maha 2021/2022,8714666
Batticaloa,Samba,Maha 2021/2022,9106337
Ampara,Nadu,Maha 2021/2022,180513458
Ampara,Keeri Samba,Maha 2021/2022,20057051
Ampara,Samba,Maha 2021/2022,20958491
Trincomalee,Nadu,Maha 2021/2022,79859619
Trincomalee,Keeri Samba,Maha 2021/2022,8873291
Trincomalee,Samba,Maha 2021/2022,9272091
Kurunegala,Nadu,Maha 2021/2022,212107733
Kurunegala,Keeri Samba,Maha 2021/2022,23567526
Kurunegala,Samba,Maha 2021/2022,24626741
Puttalam,Nadu,Maha 2021/2022,32581877
Puttalam,Keeri Samba,Maha 2021/2022,3620209
Puttalam,Samba,Maha 2021/2022,3782915
Anuradhapura,Nadu,Maha 2021/2022,212226702
Anuradhapura,Keeri Samba,Maha 2021/2022,23580745
Anuradhapura,Samba,Maha 2021/2022,24640553
Polonnaruwa,Nadu,Maha 2021/2022,148814881
Polonnaruwa,Keeri Samba,Maha 2021/2022,16534987
Polonnaruwa,Samba,Maha 2021/2022,17278132
Badulla,Nadu,Maha 2021/2022,50700937
Badulla,Keeri Samba,Maha 2021/2022,5633437
Badulla,Samba,Maha 2021/2022,5886626
Monaragala,Nadu,Maha 2021/2022,81535770
Monaragala,Keeri Samba,Maha 2021/2022,9059530
Monaragala,Samba,Maha 2021/2022,9466700
Ratnapura,Nadu,Maha 2021/2022,30393183
Ratnapura,Keeri Samba,Maha 2021/2022,3377020
Ratnapura,Samba,Maha 2021/2022,3528797
Kegalle,Nadu,Maha 2021/2022,16802258
Kegalle,Keeri Samba,Maha 2021/2022,1866918
Kegalle,Samba,Maha 2021/2022,1950824
Colombo,Nadu,Yala 2021,3991962
Colombo,Keeri Samba,Yala 2021,443551
Colombo,Samba,Yala 2021,463486
Gampaha,Nadu,Yala 2021,17591036
Gampaha,Keeri Samba,Yala 2021,1954560
Gampaha,Samba,Yala 2021,2042405
Kalutara,Nadu,Yala 2021,21605814
Kalutara,Keeri Samba,Yala 2021,2400646
Kalutara,Samba,Yala 2021,2508540
Kandy,Nadu,Yala 2021,17567405
Kandy,Keeri Samba,Yala 2021,1951934
Kandy,Samba,Yala 2021,2039661
Matale,Nadu,Yala 2021,41895641
Matale,Keeri Samba,Yala 2021,4655071
Matale,Samba,Yala 2021,4864288
Nuwaraeliya,Nadu,Yala 2021,4628362
Nuwaraeliya,Keeri Samba,Yala 2021,514262
Nuwaraeliya,Samba,Yala 2021,537375
Galle,Nadu,Yala 2021,15378711
Galle,Keeri Samba,Yala 2021,1708746
Galle,Samba,Yala 2021,1785543
Matara,Nadu,Yala 2021,33235389
Matara,Keeri Samba,Yala 2021,3692821
Matara,Samba,Yala 2021,3858790
Hambantota,Nadu,Yala 2021,142754008
Hambantota,Keeri Samba,Yala 2021,15861556
Hambantota,Samba,Yala 2021,16574435
Mannar,Nadu,Yala 2021,10479003
Mannar,Keeri Samba,Yala 2021,1164334
Mannar,Samba,Yala 2021,1216663
Vavuniya,Nadu,Yala 2021,21679965
Vavuniya,Keeri Samba,Yala 2021,2408885
Vavuniya,Samba,Yala 2021,2517150
Mulativu,Nadu,Yala 2021,30012647
Mulativu,Keeri Samba,Yala 2021,3334739
Mulativu,Samba,Yala 2021,3484614
Killinochchi,Nadu,Yala 2021,33643630
Killinochchi,Keeri Samba,Yala 2021,3738181
Killinochchi,Samba,Yala 2021,3906189
Batticaloa,Nadu,Yala 2021,95625385
Batticaloa,Keeri Samba,Yala 2021,10625043
Batticaloa,Samba,Yala 2021,11102573
Ampara,Nadu,Yala 2021,255625746
Ampara,Keeri Samba,Yala 2021,28402861
Ampara,Samba,Yala 2021,29679394
Trincomalee,Nadu,Yala 2021,100626949
Trincomalee,Keeri Samba,Yala 2021,11180772
Trincomalee,Samba,Yala 2021,11683279
Kurunegala,Nadu,Yala 2021,222920826
Kurunegala,Keeri Samba,Yala 2021,24768981
Kurunegala,Samba,Yala 2021,25882193
Puttalam,Nadu,Yala 2021,47854657
Puttalam,Keeri Samba,Yala 2021,5317184
Puttalam,Samba,Yala 2021,5556159
Anuradhapura,Nadu,Yala 2021,190633111
Anuradhapura,Keeri Samba,Yala 2021,21181457
Anuradhapura,Samba,Yala 2021,22133432
Polonnaruwa,Nadu,Yala 2021,244714056
Polonnaruwa,Keeri Samba,Yala 2021,27190451
Polonnaruwa,Samba,Yala 2021,28412493
Badulla,Nadu,Yala 2021,42638786
Badulla,Keeri Samba,Yala 2021,4737643
Badulla,Samba,Yala 2021,4950571
Monaragala,Nadu,Yala 2021,63356411
Monaragala,Keeri Samba,Yala 2021,7039601
Monaragala,Samba,Yala 2021,7355988
Ratnapura,Nadu,Yala 2021,30652306
Ratnapura,Keeri Samba,Yala 2021,3405812
Ratnapura,Samba,Yala 2021,3558882
Kegalle,Nadu,Yala 2021,12464799
Kegalle,Keeri Samba,Yala 2021,1384978
Kegalle,Samba,Yala 2021,1447224
Colombo,Nadu,Maha 2020/2021,9939571
Colombo,Keeri Samba,Maha 2020/2021,1104397
Colombo,Samba,Maha 2020/2021,1154033
Gampaha,Nadu,Maha 2020/2021,32097040
Gampaha,Keeri Samba,Maha 2020/2021,3566338
Gampaha,Samba,Maha 2020/2021,3726623
Kalutara,Nadu,Maha 2020/2021,32585951
Kalutara,Keeri Samba,Maha 2020/2021,3620661
Kalutara,Samba,Maha 2020/2021,3783388
Kandy,Nadu,Maha 2020/2021,37057862
Kandy,Keeri Samba,Maha 2020/2021,4117540
Kandy,Samba,Maha 2020/2021,4302598
Matale,Nadu,Maha 2020/2021,78440145
Matale,Keeri Samba,Maha 2020/2021,8715572
Matale,Samba,Maha 2020/2021,9107283
Nuwaraeliya,Nadu,Maha 2020/2021,11243335
Nuwaraeliya,Keeri Samba,Maha 2020/2021,1249259
Nuwaraeliya,Samba,Maha 2020/2021,1305406
Galle,Nadu,Maha 2020/2021,28958228
Galle,Keeri Samba,Maha 2020/2021,3217581
Galle,Samba,Maha 2020/2021,3362191
Matara,Nadu,Maha 2020/2021,32129634
Matara,Keeri Samba,Maha 2020/2021,3569959
Matara,Samba,Maha 2020/2021,3730407
Hambantota,Nadu,Maha 2020/2021,146132387
Hambantota,Keeri Samba,Maha 2020/2021,16236932
Hambantota,Samba,Maha 2020/2021,16966682
Jaffna,Nadu,Maha 2020/2021,15914069
Jaffna,Keeri Samba,Maha 2020/2021,1768230
Jaffna,Samba,Maha 2020/2021,1847701
Mannar,Nadu,Maha 2020/2021,81942381
Mannar,Keeri Samba,Maha 2020/2021,9104709
Mannar,Samba,Maha 2020/2021,9513909
Vavuniya,Nadu,Maha 2020/2021,62985653
Vavuniya,Keeri Samba,Maha 2020/2021,6998406
Vavuniya,Samba,Maha 2020/2021,7312941
Mulativu,Nadu,Maha 2020/2021,74596486
Mulativu,Keeri Samba,Maha 2020/2021,8288498
Mulativu,Samba,Maha 2020/2021,8661015
Killinochchi,Nadu,Maha 2020/2021,69232312
Killinochchi,Keeri Samba,Maha 2020/2021,7692479
Killinochchi,Samba,Maha 2020/2021,8038209
Batticaloa,Nadu,Maha 2020/2021,179789054
Batticaloa,Keeri Samba,Maha 2020/2021,19976562
Batticaloa,Samba,Maha 2020/2021,20874385
Ampara,Nadu,Maha 2020/2021,297521387
Ampara,Keeri Samba,Maha 2020/2021,33057932
Ampara,Samba,Maha 2020/2021,34543682
Trincomalee,Nadu,Maha 2020/2021,128153481
Trincomalee,Keeri Samba,Maha 2020/2021,14239276
Trincomalee,Samba,Maha 2020/2021,14879243
Kurunegala,Nadu,Maha 2020/2021,232624904
Kurunegala,Keeri Samba,Maha 2020/2021,25847212
Kurunegala,Samba,Maha 2020/2021,27008884
Puttalam,Nadu,Maha 2020/2021,49901567
Puttalam,Keeri Samba,Maha 2020/2021,5544619
Puttalam,Samba,Maha 2020/2021,5793815
Anuradhapura,Nadu,Maha 2020/2021,375308835
Anuradhapura,Keeri Samba,Maha 2020/2021,41700982
Anuradhapura,Samba,Maha 2020/2021,43575183
Polonnaruwa,Nadu,Maha 2020/2021,250314537
Polonnaruwa,Keeri Samba,Maha 2020/2021,27812726
Polonnaruwa,Samba,Maha 2020/2021,29062737
Badulla,Nadu,Maha 2020/2021,79321001
Badulla,Keeri Samba,Maha 2020/2021,8813445
Badulla,Samba,Maha 2020/2021,9209554
Monaragala,Nadu,Maha 2020/2021,125664922
Monaragala,Keeri Samba,Maha 2020/2021,13962769
Monaragala,Samba,Maha 2020/2021,14590309
Ratnapura,Nadu,Maha 2020/2021,41285316
Ratnapura,Keeri Samba,Maha 2020/2021,4587257
Ratnapura,Samba,Maha 2020/2021,4793426
Kegalle,Nadu,Maha 2020/2021,21444473
Kegalle,Keeri Samba,Maha 2020/2021,2382719
Kegalle,Samba,Maha 2020/2021,2489808
Colombo,Nadu,Yala 2020,7314116
Colombo,Keeri Samba,Yala 2020,812680
Colombo,Samba,Yala 2020,849204
Gampaha,Nadu,Yala 2020,23861326
Gampaha,Keeri Samba,Yala 2020,2651258
Gampaha,Samba,Yala 2020,2770416
Kalutara,Nadu,Yala 2020,29456103
Kalutara,Keeri Samba,Yala 2020,3272900
Kalutara,Samba,Yala 2020,3419997
Kandy,Nadu,Yala 2020,23252631
Kandy,Keeri Samba,Yala 2020,2583626
Kandy,Samba,Yala 2020,2699744
Matale,Nadu,Yala 2020,30280733
Matale,Keeri Samba,Yala 2020,3364526
Matale,Samba,Yala 2020,3515741
Nuwaraeliya,Nadu,Yala 2020,9127163
Nuwaraeliya,Keeri Samba,Yala 2020,1014129
Nuwaraeliya,Samba,Yala 2020,1059708
Galle,Nadu,Yala 2020,19746320
Galle,Keeri Samba,Yala 2020,2194036
Galle,Samba,Yala 2020,2292644
Matara,Nadu,Yala 2020,31032842
Matara,Keeri Samba,Yala 2020,3448094
Matara,Samba,Yala 2020,3603064
Hambantota,Nadu,Yala 2020,145570953
Hambantota,Keeri Samba,Yala 2020,16174550
Hambantota,Samba,Yala 2020,16901496
Mannar,Nadu,Yala 2020,6729867
Mannar,Keeri Samba,Yala 2020,747763
Mannar,Samba,Yala 2020,781370
Vavuniya,Nadu,Yala 2020,6244215
Vavuniya,Keeri Samba,Yala 2020,693802
Vavuniya,Samba,Yala 2020,724984
Mulativu,Nadu,Yala 2020,21604999
Mulativu,Keeri Samba,Yala 2020,2400555
Mulativu,Samba,Yala 2020,2508446
Killinochchi,Nadu,Yala 2020,38087835
Killinochchi,Keeri Samba,Yala 2020,4231982
Killinochchi,Samba,Yala 2020,4422183
Batticaloa,Nadu,Yala 2020,95385818
Batticaloa,Keeri Samba,Yala 2020,10598424
Batticaloa,Samba,Yala 2020,11074758
Ampara,Nadu,Yala 2020,236521529
Ampara,Keeri Samba,Yala 2020,26280170
Ampara,Samba,Yala 2020,27461301
Trincomalee,Nadu,Yala 2020,88184966
Trincomalee,Keeri Samba,Yala 2020,9798330
Trincomalee,Samba,Yala 2020,10238704
Kurunegala,Nadu,Yala 2020,202528328
Kurunegala,Keeri Samba,Yala 2020,22503148
Kurunegala,Samba,Yala 2020,23514525
Puttalam,Nadu,Yala 2020,42906873
Puttalam,Keeri Samba,Yala 2020,4767430
Puttalam,Samba,Yala 2020,4981697
Anuradhapura,Nadu,Yala 2020,126958093
Anuradhapura,Keeri Samba,Yala 2020,14106455
Anuradhapura,Samba,Yala 2020,14740453
Polonnaruwa,Nadu,Yala 2020,234933381
Polonnaruwa,Keeri Samba,Yala 2020,26103709
Polonnaruwa,Samba,Yala 2020,27276909
Badulla,Nadu,Yala 2020,40090743
Badulla,Keeri Samba,Yala 2020,4454527
Badulla,Samba,Yala 2020,4654730
Monaragala,Nadu,Yala 2020,55753837
Monaragala,Keeri Samba,Yala 2020,6194871
Monaragala,Samba,Yala 2020,6473292
Ratnapura,Nadu,Yala 2020,34535078
Ratnapura,Keeri Samba,Yala 2020,3837231
Ratnapura,Samba,Yala 2020,4009691
Kegalle,Nadu,Yala 2020,17808601
Kegalle,Keeri Samba,Yala 2020,1978733
Kegalle,Samba,Yala 2020,2067665
Colombo,Nadu,Maha 2019/2020,6984101
Colombo,Keeri Samba,Maha 2019/2020,776011
Colombo,Samba,Maha 2019/2020,810888
Gampaha,Nadu,Maha 2019/2020,28079817
Gampaha,Keeri Samba,Maha 2019/2020,3119980
Gampaha,Samba,Maha 2019/2020,3260203
Kalutara,Nadu,Maha 2019/2020,25974238
Kalutara,Keeri Samba,Maha 2019/2020,2886026
Kalutara,Samba,Maha 2019/2020,3015736
Kandy,Nadu,Maha 2019/2020,31322930
Kandy,Keeri Samba,Maha 2019/2020,3480326
Kandy,Samba,Maha 2019/2020,3636745
Matale,Nadu,Maha 2019/2020,71623090
Matale,Keeri Samba,Maha 2019/2020,7958121
Matale,Samba,Maha 2019/2020,8315789
Nuwaraeliya,Nadu,Maha 2019/2020,2872355
Nuwaraeliya,Keeri Samba,Maha 2019/2020,319151
Nuwaraeliya,Samba,Maha 2019/2020,333494
Galle,Nadu,Maha 2019/2020,20149672
Galle,Keeri Samba,Maha 2019/2020,2238852
Galle,Samba,Maha 2019/2020,2339475
Matara,Nadu,Maha 2019/2020,28993267
Matara,Keeri Samba,Maha 2019/2020,3221474
Matara,Samba,Maha 2019/2020,3366259
Hambantota,Nadu,Maha 2019/2020,156739321
Hambantota,Keeri Samba,Maha 2019/2020,17415480
Hambantota,Samba,Maha 2019/2020,18198198
Jaffna,Nadu,Maha 2019/2020,27000137
Jaffna,Keeri Samba,Maha 2019/2020,3000015
Jaffna,Samba,Maha 2019/2020,3134847
Mannar,Nadu,Maha 2019/2020,72736178
Mannar,Keeri Samba,Maha 2019/2020,8081798
Mannar,Samba,Maha 2019/2020,8445024
Vavuniya,Nadu,Maha 2019/2020,72761438
Vavuniya,Keeri Samba,Maha 2019/2020,8084604
Vavuniya,Samba,Maha 2019/2020,8447957
Mulativu,Nadu,Maha 2019/2020,65194718
Mulativu,Keeri Samba,Maha 2019/2020,7243858
Mulativu,Samba,Maha 2019/2020,7569424
Killinochchi,Nadu,Maha 2019/2020,81667776
Killinochchi,Keeri Samba,Maha 2019/2020,9074197
Killinochchi,Samba,Maha 2019/2020,9482026
Batticaloa,Nadu,Maha 2019/2020,166628371
Batticaloa,Keeri Samba,Maha 2019/2020,18514263
Batticaloa,Samba,Maha 2019/2020,17946365
Ampara,Nadu,Maha 2019/2020,284893617
Ampara,Keeri Samba,Maha 2019/2020,31654846
Ampara,Samba,Maha 2019/2020,33077536
Trincomalee,Nadu,Maha 2019/2020,126784529
Trincomalee,Keeri Samba,Maha 2019/2020,14087170
Trincomalee,Samba,Maha 2019/2020,14720301
Kurunegala,Nadu,Maha 2019/2020,316197806
Kurunegala,Keeri Samba,Maha 2019/2020,35133090
Kurunegala,Samba,Maha 2019/2020,36712105
Puttalam,Nadu,Maha 2019/2020,63109511
Puttalam,Keeri Samba,Maha 2019/2020,7012168
Puttalam,Samba,Maha 2019/2020,7327321
Anuradhapura,Nadu,Maha 2019/2020,432161908
Anuradhapura,Keeri Samba,Maha 2019/2020,48017990
Anuradhapura,Samba,Maha 2019/2020,50176102
Polonnaruwa,Nadu,Maha 2019/2020,259409921
Polonnaruwa,Keeri Samba,Maha 2019/2020,28823325
Polonnaruwa,Samba,Maha 2019/2020,30118755
Badulla,Nadu,Maha 2019/2020,78239692
Badulla,Keeri Samba,Maha 2019/2020,8693299
Badulla,Samba,Maha 2019/2020,9084009
Monaragala,Nadu,Maha 2019/2020,128876255
Monaragala,Keeri Samba,Maha 2019/2020,14319584
Monaragala,Samba,Maha 2019/2020,14963161
Ratnapura,Nadu,Maha 2019/2020,37907753
Ratnapura,Keeri Samba,Maha 2019/2020,4211973
Ratnapura,Samba,Maha 2019/2020,4401275
Kegalle,Nadu,Maha 2019/2020,18572933
Kegalle,Keeri Samba,Maha 2019/2020,2063659
Kegalle,Samba,Maha 2019/2020,2156408
Colombo,Nadu,Yala 2019,1673707
Colombo,Keeri Samba,Yala 2019,185967
Colombo,Samba,Yala 2019,194326
Gampaha,Nadu,Yala 2019,9415621
Gampaha,Keeri Samba,Yala 2019,1046180
Gampaha,Samba,Yala 2019,1093199
Kalutara,Nadu,Yala 2019,10187286
Kalutara,Keeri Samba,Yala 2019,1131921
Kalutara,Samba,Yala 2019,1182793
Kandy,Nadu,Yala 2019,12737774
Kandy,Keeri Samba,Yala 2019,1415308
Kandy,Samba,Yala 2019,1478918
Matale,Nadu,Yala 2019,17313171
Matale,Keeri Samba,Yala 2019,1923686
Matale,Samba,Yala 2019,2010143
Nuwaraeliya,Nadu,Yala 2019,1852975
Nuwaraeliya,Keeri Samba,Yala 2019,205886
Nuwaraeliya,Samba,Yala 2019,215139
Galle,Nadu,Yala 2019,5129496
Galle,Keeri Samba,Yala 2019,569944
Galle,Samba,Yala 2019,595560
Matara,Nadu,Yala 2019,18238843
Matara,Keeri Samba,Yala 2019,2026538
Matara,Samba,Yala 2019,2117619
Hambantota,Nadu,Yala 2019,131248291
Hambantota,Keeri Samba,Yala 2019,14583143
Hambantota,Samba,Yala 2019,15238566
Mannar,Nadu,Yala 2019,3923515
Mannar,Keeri Samba,Yala 2019,435946
Mannar,Samba,Yala 2019,455539
Vavuniya,Nadu,Yala 2019,9558220
Vavuniya,Keeri Samba,Yala 2019,1062024
Vavuniya,Samba,Yala 2019,1109756
Mulativu,Nadu,Yala 2019,20557099
Mulativu,Keeri Samba,Yala 2019,2284122
Mulativu,Samba,Yala 2019,2386779
Killinochchi,Nadu,Yala 2019,35904845
Killinochchi,Keeri Samba,Yala 2019,3989427
Killinochchi,Samba,Yala 2019,4168727
Batticaloa,Nadu,Yala 2019,64902186
Batticaloa,Keeri Samba,Yala 2019,7211354
Batticaloa,Samba,Yala 2019,7535460
Ampara,Nadu,Yala 2019,230787412
Ampara,Keeri Samba,Yala 2019,25643046
Ampara,Samba,Yala 2019,26795542
Trincomalee,Nadu,Yala 2019,68203154
Trincomalee,Keeri Samba,Yala 2019,7578128
Trincomalee,Samba,Yala 2019,7918718
Kurunegala,Nadu,Yala 2019,100648950
Kurunegala,Keeri Samba,Yala 2019,11183217
Kurunegala,Samba,Yala 2019,11685833
Puttalam,Nadu,Yala 2019,22214509
Puttalam,Keeri Samba,Yala 2019,2468279
Puttalam,Samba,Yala 2019,2579213
Anuradhapura,Nadu,Yala 2019,107644459
Anuradhapura,Keeri Samba,Yala 2019,11960495
Anuradhapura,Samba,Yala 2019,12498046
Polonnaruwa,Nadu,Yala 2019,244022246
Polonnaruwa,Keeri Samba,Yala 2019,27113583
Polonnaruwa,Samba,Yala 2019,28332171
Badulla,Nadu,Yala 2019,38963802
Badulla,Keeri Samba,Yala 2019,4329311
Badulla,Samba,Yala 2019,4523887
Monaragala,Nadu,Yala 2019,53943235
Monaragala,Keeri Samba,Yala 2019,5993693
Monaragala,Samba,Yala 2019,6263072
Ratnapura,Nadu,Yala 2019,24051186
Ratnapura,Keeri Samba,Yala 2019,2672354
Ratnapura,Samba,Yala 2019,2792460
Kegalle,Nadu,Yala 2019,5026010
Kegalle,Keeri Samba,Yala 2019,558446
Kegalle,Samba,Yala 2019,583544
Colombo,Nadu,Maha 2018/2019,7853548
Colombo,Keeri Samba,Maha 2018/2019,872616
Colombo,Samba,Maha 2018/2019,911835
Gampaha,Nadu,Maha 2018/2019,25979127
Gampaha,Keeri Samba,Maha 2018/2019,2886570
Gampaha,Samba,Maha 2018/2019,3016303
Kalutara,Nadu,Maha 2018/2019,28171895
Kalutara,Keeri Samba,Maha 2018/2019,3130211
Kalutara,Samba,Maha 2018/2019,3270894
Kandy,Nadu,Maha 2018/2019,30600970
Kandy,Keeri Samba,Maha 2018/2019,3400108
Kandy,Samba,Maha 2018/2019,3552922
Matale,Nadu,Maha 2018/2019,72641655
Matale,Keeri Samba,Maha 2018/2019,8071295
Matale,Samba,Maha 2018/2019,8434050
Nuwaraeliya,Nadu,Maha 2018/2019,10694124
Nuwaraeliya,Keeri Samba,Maha 2018/2019,1188236
Nuwaraeliya,Samba,Maha 2018/2019,1241640
Galle,Nadu,Maha 2018/2019,17203166
Galle,Keeri Samba,Maha 2018/2019,1911463
Galle,Samba,Maha 2018/2019,1797371
Matara,Nadu,Maha 2018/2019,34258843
Matara,Keeri Samba,Maha 2018/2019,3806538
Matara,Samba,Maha 2018/2019,3977619
Hambantota,Nadu,Maha 2018/2019,160955368
Hambantota,Keeri Samba,Maha 2018/2019,17883930
Hambantota,Samba,Maha 2018/2019,18687702
Jaffna,Nadu,Maha 2018/2019,31064622
Jaffna,Keeri Samba,Maha 2018/2019,3451625
Jaffna,Samba,Maha 2018/2019,3606754
Mannar,Nadu,Maha 2018/2019,76632803
Mannar,Keeri Samba,Maha 2018/2019,8514756
Mannar,Samba,Maha 2018/2019,8897442
Vavuniya,Nadu,Maha 2018/2019,78687861
Vavuniya,Keeri Samba,Maha 2018/2019,8743096
Vavuniya,Samba,Maha 2018/2019,9136044
Mulativu,Nadu,Maha 2018/2019,41481696
Mulativu,Keeri Samba,Maha 2018/2019,4609077
Mulativu,Samba,Maha 2018/2019,4816227
Killinochchi,Nadu,Maha 2018/2019,68091519
Killinochchi,Keeri Samba,Maha 2018/2019,7565724
Killinochchi,Samba,Maha 2018/2019,7905757
Batticaloa,Nadu,Maha 2018/2019,154958054
Batticaloa,Keeri Samba,Maha 2018/2019,17217562
Batticaloa,Samba,Maha 2018/2019,17991385
Ampara,Nadu,Maha 2018/2019,299120127
Ampara,Keeri Samba,Maha 2018/2019,33235570
Ampara,Samba,Maha 2018/2019,34729303
Trincomalee,Nadu,Maha 2018/2019,123494969
Trincomalee,Keeri Samba,Maha 2018/2019,13121663
Trincomalee,Samba,Maha 2018/2019,17991367
Kurunegala,Nadu,Maha 2018/2019,307361545
Kurunegala,Keeri Samba,Maha 2018/2019,34151283
Kurunegala,Samba,Maha 2018/2019,35686172
Puttalam,Nadu,Maha 2018/2019,64749809
Puttalam,Keeri Samba,Maha 2018/2019,7194423
Puttalam,Samba,Maha 2018/2019,7517768
Anuradhapura,Nadu,Maha 2018/2019,387573995
Anuradhapura,Keeri Samba,Maha 2018/2019,43063777
Anuradhapura,Samba,Maha 2018/2019,44999228
Polonnaruwa,Nadu,Maha 2018/2019,238462508
Polonnaruwa,Keeri Samba,Maha 2018/2019,26495834
Polonnaruwa,Samba,Maha 2018/2019,27686658
Badulla,Nadu,Maha 2018/2019,83531344
Badulla,Keeri Samba,Maha 2018/2019,9281260
Badulla,Samba,Maha 2018/2019,9698396
Monaragala,Nadu,Maha 2018/2019,102667340
Monaragala,Keeri Samba,Maha 2018/2019,11407482
Monaragala,Samba,Maha 2018/2019,11920178
Ratnapura,Nadu,Maha 2018/2019,36240565
Ratnapura,Keeri Samba,Maha 2018/2019,4026729
Ratnapura,Samba,Maha 2018/2019,4207706
Kegalle,Nadu,Maha 2018/2019,21222833
Kegalle,Keeri Samba,Maha 2018/2019,2358093
Kegalle,Samba,Maha 2018/2019,2464074
Colombo,Nadu,Yala 2018,2648271
Colombo,Keeri Samba,Yala 2018,294252
Colombo,Samba,Yala 2018,307477
Gampaha,Nadu,Yala 2018,12821704
Gampaha,Keeri Samba,Yala 2018,1424634
Gampaha,Samba,Yala 2018,1488662
Kalutara,Nadu,Yala 2018,13930718
Kalutara,Keeri Samba,Yala 2018,1547858
Kalutara,Samba,Yala 2018,1617424
Kandy,Nadu,Yala 2018,17123310
Kandy,Keeri Samba,Yala 2018,1902590
Kandy,Samba,Yala 2018,1988100
Matale,Nadu,Yala 2018,25776229
Matale,Keeri Samba,Yala 2018,2864025
Matale,Samba,Yala 2018,2992746
Nuwaraeliya,Nadu,Yala 2018,4647104
Nuwaraeliya,Keeri Samba,Yala 2018,516345
Nuwaraeliya,Samba,Yala 2018,539551
Galle,Nadu,Yala 2018,8061336
Galle,Keeri Samba,Yala 2018,895704
Galle,Samba,Yala 2018,935960
Matara,Nadu,Yala 2018,29997980
Matara,Keeri Samba,Yala 2018,3333109
Matara,Samba,Yala 2018,3482911
Hambantota,Nadu,Yala 2018,109926861
Hambantota,Keeri Samba,Yala 2018,12214096
Hambantota,Samba,Yala 2018,12763044
Mannar,Nadu,Yala 2018,1780453
Mannar,Keeri Samba,Yala 2018,197828
Mannar,Samba,Yala 2018,206719
Vavuniya,Nadu,Yala 2018,1268725
Vavuniya,Keeri Samba,Yala 2018,140969
Vavuniya,Samba,Yala 2018,147305
Mulativu,Nadu,Yala 2018,5217501
Mulativu,Keeri Samba,Yala 2018,579722
Mulativu,Samba,Yala 2018,605777
Killinochchi,Nadu,Yala 2018,3272448
Killinochchi,Keeri Samba,Yala 2018,363605
Killinochchi,Samba,Yala 2018,379947
Batticaloa,Nadu,Yala 2018,75720983
Batticaloa,Keeri Samba,Yala 2018,8413443
Batticaloa,Samba,Yala 2018,1791575
Ampara,Nadu,Yala 2018,158019455
Ampara,Keeri Samba,Yala 2018,17557717
Ampara,Samba,Yala 2018,18346828
Trincomalee,Nadu,Yala 2018,76949780
Trincomalee,Keeri Samba,Yala 2018,8549976
Trincomalee,Samba,Yala 2018,8934244
Kurunegala,Nadu,Yala 2018,148771694
Kurunegala,Keeri Samba,Yala 2018,16530188
Kurunegala,Samba,Yala 2018,17273118
Puttalam,Nadu,Yala 2018,37853158
Puttalam,Keeri Samba,Yala 2018,4205906
Puttalam,Samba,Yala 2018,4394936
Anuradhapura,Nadu,Yala 2018,69825525
Anuradhapura,Keeri Samba,Yala 2018,7758392
Anuradhapura,Samba,Yala 2018,8107083
Polonnaruwa,Nadu,Yala 2018,218765078
Polonnaruwa,Keeri Samba,Yala 2018,24307231
Polonnaruwa,Samba,Yala 2018,25399691
Badulla,Nadu,Yala 2018,34951468
Badulla,Keeri Samba,Yala 2018,3883496
Badulla,Samba,Yala 2018,4058036
Monaragala,Nadu,Yala 2018,36998377
Monaragala,Keeri Samba,Yala 2018,4110931
Monaragala,Samba,Yala 2018,4295692
Ratnapura,Nadu,Yala 2018,20341163
Ratnapura,Keeri Samba,Yala 2018,2260129
Ratnapura,Samba,Yala 2018,2361708
Kegalle,Nadu,Yala 2018,11022510
Kegalle,Keeri Samba,Yala 2018,1224723
Kegalle,Samba,Yala 2018,1279767
Uda Walawe,Nadu,Yala 2018,55097881
Uda Walawe,Keeri Samba,Yala 2018,6121987
Uda Walawe,Samba,Yala 2018,6397132
Mahaweli H,Nadu,Yala 2018,68301751
Mahaweli H,Keeri Samba,Yala 2018,7589083
Mahaweli H,Samba,Yala 2018,7930166
Colombo,Nadu,Maha 2017/2018,7622130
Colombo,Keeri Samba,Maha 2017/2018,846903
Colombo,Samba,Maha 2017/2018,884966
Gampaha,Nadu,Maha 2017/2018,27546089
Gampaha,Keeri Samba,Maha 2017/2018,3060677
Gampaha,Samba,Maha 2017/2018,3198235
Kalutara,Nadu,Maha 2017/2018,27792174
Kalutara,Keeri Samba,Maha 2017/2018,3088019
Kalutara,Samba,Maha 2017/2018,3226807
Kandy,Nadu,Maha 2017/2018,26905614
Kandy,Keeri Samba,Maha 2017/2018,2989513
Kandy,Samba,Maha 2017/2018,3123873
Matale,Nadu,Maha 2017/2018,54878686
Matale,Keeri Samba,Maha 2017/2018,6097632
Matale,Samba,Maha 2017/2018,6371683
Nuwaraeliya,Nadu,Maha 2017/2018,7380934
Nuwaraeliya,Keeri Samba,Maha 2017/2018,820104
Nuwaraeliya,Samba,Maha 2017/2018,856962
Galle,Nadu,Maha 2017/2018,20419389
Galle,Keeri Samba,Maha 2017/2018,2268821
Galle,Samba,Maha 2017/2018,2370790
Matara,Nadu,Maha 2017/2018,32940412
Matara,Keeri Samba,Maha 2017/2018,3660046
Matara,Samba,Maha 2017/2018,3824542
Hambantota,Nadu,Maha 2017/2018,142590223
Hambantota,Keeri Samba,Maha 2017/2018,15843358
Hambantota,Samba,Maha 2017/2018,16555419
Jaffna,Nadu,Maha 2017/2018,13318764
Jaffna,Keeri Samba,Maha 2017/2018,1479863
Jaffna,Samba,Maha 2017/2018,1546373
Mannar,Nadu,Maha 2017/2018,63616349
Mannar,Keeri Samba,Maha 2017/2018,7068483
Mannar,Samba,Maha 2017/2018,7386168
Vavuniya,Nadu,Maha 2017/2018,28577692
Vavuniya,Keeri Samba,Maha 2017/2018,3175299
Vavuniya,Samba,Maha 2017/2018,3318009
Mulativu,Nadu,Maha 2017/2018,44820961
Mulativu,Keeri Samba,Maha 2017/2018,4980107
Mulativu,Samba,Maha 2017/2018,5203932
Killinochchi,Nadu,Maha 2017/2018,74545965
Killinochchi,Keeri Samba,Maha 2017/2018,8282885
Killinochchi,Samba,Maha 2017/2018,8655150
Batticaloa,Nadu,Maha 2017/2018,144464384
Batticaloa,Keeri Samba,Maha 2017/2018,16051598
Batticaloa,Samba,Maha 2017/2018,17973018
Ampara,Nadu,Maha 2017/2018,271156019
Ampara,Keeri Samba,Maha 2017/2018,30128447
Ampara,Samba,Maha 2017/2018,31482534
Trincomalee,Nadu,Maha 2017/2018,117478099
Trincomalee,Keeri Samba,Maha 2017/2018,13053122
Trincomalee,Samba,Maha 2017/2018,13639779
Kurunegala,Nadu,Maha 2017/2018,153152341
Kurunegala,Keeri Samba,Maha 2017/2018,17016927
Kurunegala,Samba,Maha 2017/2018,17781732
Puttalam,Nadu,Maha 2017/2018,14929727
Puttalam,Keeri Samba,Maha 2017/2018,1658859
Puttalam,Samba,Maha 2017/2018,1733414
Anuradhapura,Nadu,Maha 2017/2018,137967565
Anuradhapura,Keeri Samba,Maha 2017/2018,15329729
Anuradhapura,Samba,Maha 2017/2018,16018706
Polonnaruwa,Nadu,Maha 2017/2018,225998524
Polonnaruwa,Keeri Samba,Maha 2017/2018,25110947
Polonnaruwa,Samba,Maha 2017/2018,26239529
Badulla,Nadu,Maha 2017/2018,58660416
Badulla,Keeri Samba,Maha 2017/2018,6517824
Badulla,Samba,Maha 2017/2018,6810760
Monaragala,Nadu,Maha 2017/2018,97880081
Monaragala,Keeri Samba,Maha 2017/2018,10875565
Monaragala,Samba,Maha 2017/2018,11364354
Ratnapura,Nadu,Maha 2017/2018,24262233
Ratnapura,Keeri Samba,Maha 2017/2018,2695804
Ratnapura,Samba,Maha 2017/2018,2816963
Kegalle,Nadu,Maha 2017/2018,19102587
Kegalle,Keeri Samba,Maha 2017/2018,2122510
Kegalle,Samba,Maha 2017/2018,2217903
Uda Walawe,Nadu,Maha 2017/2018,53246536
Uda Walawe,Keeri Samba,Maha 2017/2018,5916282
Uda Walawe,Samba,Maha 2017/2018,6182182
Mahaweli H,Nadu,Maha 2017/2018,61887232
Mahaweli H,Keeri Samba,Maha 2017/2018,6876359
Mahaweli H,Samba,Maha 2017/2018,7185409
Colombo,Nadu,Yala 2017,1710375
Colombo,Keeri Samba,Yala 2017,190042
Colombo,Samba,Yala 2017,198583
Gampaha,Nadu,Yala 2017,4803555
Gampaha,Keeri Samba,Yala 2017,533728
Gampaha,Samba,Yala 2017,557716
Kalutara,Nadu,Yala 2017,13671595
Kalutara,Keeri Samba,Yala 2017,1519066
Kalutara,Samba,Yala 2017,1587339
Kandy,Nadu,Yala 2017,16678401
Kandy,Keeri Samba,Yala 2017,1853156
Kandy,Samba,Yala 2017,1936444
Matale,Nadu,Yala 2017,16103115
Matale,Keeri Samba,Yala 2017,1789235
Matale,Samba,Yala 2017,1869650
Nuwaraeliya,Nadu,Yala 2017,1897791
Nuwaraeliya,Keeri Samba,Yala 2017,210866
Nuwaraeliya,Samba,Yala 2017,220343
Galle,Nadu,Yala 2017,7570795
Galle,Keeri Samba,Yala 2017,841199
Galle,Samba,Yala 2017,879006
Matara,Nadu,Yala 2017,26138838
Matara,Keeri Samba,Yala 2017,2904315
Matara,Samba,Yala 2017,3034846
Hambantota,Nadu,Yala 2017,79081434
Hambantota,Keeri Samba,Yala 2017,8786826
Hambantota,Samba,Yala 2017,9181740
Mannar,Nadu,Yala 2017,223270
Mannar,Keeri Samba,Yala 2017,24808
Mannar,Samba,Yala 2017,25923
Vavuniya,Nadu,Yala 2017,1580814
Vavuniya,Keeri Samba,Yala 2017,175646
Vavuniya,Samba,Yala 2017,183540
Mulativu,Nadu,Yala 2017,2234326
Mulativu,Keeri Samba,Yala 2017,248258
Mulativu,Samba,Yala 2017,259416
Killinochchi,Nadu,Yala 2017,3912107
Killinochchi,Keeri Samba,Yala 2017,434679
Killinochchi,Samba,Yala 2017,454215
Batticaloa,Nadu,Yala 2017,54809423
Batticaloa,Keeri Samba,Yala 2017,6089936
Batticaloa,Samba,Yala 2017,6363641
Ampara,Nadu,Yala 2017,152089773
Ampara,Keeri Samba,Yala 2017,16898864
Ampara,Samba,Yala 2017,17658363
Trincomalee,Nadu,Yala 2017,32595729
Trincomalee,Keeri Samba,Yala 2017,3621748
Trincomalee,Samba,Yala 2017,3784523
Kurunegala,Nadu,Yala 2017,31234926
Kurunegala,Keeri Samba,Yala 2017,3470547
Kurunegala,Samba,Yala 2017,3626527
Puttalam,Nadu,Yala 2017,2734645
Puttalam,Keeri Samba,Yala 2017,303849
Puttalam,Samba,Yala 2017,317506
Anuradhapura,Nadu,Yala 2017,21189424
Anuradhapura,Keeri Samba,Yala 2017,2354380
Anuradhapura,Samba,Yala 2017,2460195
Polonnaruwa,Nadu,Yala 2017,141454318
Polonnaruwa,Keeri Samba,Yala 2017,15717146
Polonnaruwa,Samba,Yala 2017,16423535
Badulla,Nadu,Yala 2017,26603304
Badulla,Keeri Samba,Yala 2017,2955923
Badulla,Samba,Yala 2017,3088773
Monaragala,Nadu,Yala 2017,34966135
Monaragala,Keeri Samba,Yala 2017,3885126
Monaragala,Samba,Yala 2017,4059739
Ratnapura,Nadu,Yala 2017,13484994
Ratnapura,Keeri Samba,Yala 2017,1498333
Ratnapura,Samba,Yala 2017,1565673
Kegalle,Nadu,Yala 2017,3636687
Kegalle,Keeri Samba,Yala 2017,404076
Kegalle,Samba,Yala 2017,422237
Uda Walawe,Nadu,Yala 2017,28684437
Uda Walawe,Keeri Samba,Yala 2017,3187160
Uda Walawe,Samba,Yala 2017,3330403
Mahaweli H,Nadu,Yala 2017,21872271
Mahaweli H,Keeri Samba,Yala 2017,2430252
Mahaweli H,Samba,Yala 2017,2539477
Colombo,Nadu,Maha 2016/2017,5334024
Colombo,Keeri Samba,Maha 2016/2017,592669
Colombo,Samba,Maha 2016/2017,619306
Gampaha,Nadu,Maha 2016/2017,11560312
Gampaha,Keeri Samba,Maha 2016/2017,1284479
Gampaha,Samba,Maha 2016/2017,1342209
Kalutara,Nadu,Maha 2016/2017,23672280
Kalutara,Keeri Samba,Maha 2016/2017,2630253
Kalutara,Samba,Maha 2016/2017,2748467
Kandy,Nadu,Maha 2016/2017,23410712
Kandy,Keeri Samba,Maha 2016/2017,2601190
Kandy,Samba,Maha 2016/2017,2718098
Matale,Nadu,Maha 2016/2017,26673381
Matale,Keeri Samba,Maha 2016/2017,2963709
Matale,Samba,Maha 2016/2017,3096909
Nuwaraeliya,Nadu,Maha 2016/2017,7732950
Nuwaraeliya,Keeri Samba,Maha 2016/2017,859217
Nuwaraeliya,Samba,Maha 2016/2017,897833
Galle,Nadu,Maha 2016/2017,18271437
Galle,Keeri Samba,Maha 2016/2017,2030160
Galle,Samba,Maha 2016/2017,2121403
Matara,Nadu,Maha 2016/2017,33940236
Matara,Keeri Samba,Maha 2016/2017,3771137
Matara,Samba,Maha 2016/2017,3940627
Hambantota,Nadu,Maha 2016/2017,81342650
Hambantota,Keeri Samba,Maha 2016/2017,9038072
Hambantota,Samba,Maha 2016/2017,9444278
Jaffna,Nadu,Maha 2016/2017,2675161
Jaffna,Keeri Samba,Maha 2016/2017,297240
Jaffna,Samba,Maha 2016/2017,310599
Mannar,Nadu,Maha 2016/2017,45753153
Mannar,Keeri Samba,Maha 2016/2017,5083684
Mannar,Samba,Maha 2016/2017,5312164
Vavuniya,Nadu,Maha 2016/2017,17994388
Vavuniya,Keeri Samba,Maha 2016/2017,1999376
Vavuniya,Samba,Maha 2016/2017,2089236
Mulativu,Nadu,Maha 2016/2017,13108532
Mulativu,Keeri Samba,Maha 2016/2017,1456504
Mulativu,Samba,Maha 2016/2017,1521964
Killinochchi,Nadu,Maha 2016/2017,43383562
Killinochchi,Keeri Samba,Maha 2016/2017,4820396
Killinochchi,Samba,Maha 2016/2017,5037043
Batticaloa,Nadu,Maha 2016/2017,66718492
Batticaloa,Keeri Samba,Maha 2016/2017,7413166
Batticaloa,Samba,Maha 2016/2017,7746342
Ampara,Nadu,Maha 2016/2017,252386707
Ampara,Keeri Samba,Maha 2016/2017,28042967
Ampara,Samba,Maha 2016/2017,29303326
Trincomalee,Nadu,Maha 2016/2017,60596506
Trincomalee,Keeri Samba,Maha 2016/2017,6732945
Trincomalee,Samba,Maha 2016/2017,7035549
Kurunegala,Nadu,Maha 2016/2017,68364494
Kurunegala,Keeri Samba,Maha 2016/2017,7596055
Kurunegala,Samba,Maha 2016/2017,7937451
Puttalam,Nadu,Maha 2016/2017,17018194
Puttalam,Keeri Samba,Maha 2016/2017,1890910
Puttalam,Samba,Maha 2016/2017,1975895
Anuradhapura,Nadu,Maha 2016/2017,59587718
Anuradhapura,Keeri Samba,Maha 2016/2017,6620858
Anuradhapura,Samba,Maha 2016/2017,6918424
Polonnaruwa,Nadu,Maha 2016/2017,174966757
Polonnaruwa,Keeri Samba,Maha 2016/2017,19440751
Polonnaruwa,Samba,Maha 2016/2017,20314492
Badulla,Nadu,Maha 2016/2017,54893353
Badulla,Keeri Samba,Maha 2016/2017,6099261
Badulla,Samba,Maha 2016/2017,6373386
Monaragala,Nadu,Maha 2016/2017,39541532
Monaragala,Keeri Samba,Maha 2016/2017,4393504
Monaragala,Samba,Maha 2016/2017,4590964
Ratnapura,Nadu,Maha 2016/2017,19844103
Ratnapura,Keeri Samba,Maha 2016/2017,2204900
Ratnapura,Samba,Maha 2016/2017,2303997
Kegalle,Nadu,Maha 2016/2017,5627371
Kegalle,Keeri Samba,Maha 2016/2017,625263
Kegalle,Samba,Maha 2016/2017,653365
Uda Walawe,Nadu,Maha 2016/2017,4897263
Uda Walawe,Keeri Samba,Maha 2016/2017,544140
Uda Walawe,Samba,Maha 2016/2017,568596
Mahaweli H,Nadu,Maha 2016/2017,21660409
Mahaweli H,Keeri Samba,Maha 2016/2017,2406712
Mahaweli H,Samba,Maha 2016/2017,2514879
Colombo,Nadu,Yala 2016,708107
Colombo,Keeri Samba,Yala 2016,78679
Colombo,Samba,Yala 2016,82215
Gampaha,Nadu,Yala 2016,3510385
Gampaha,Keeri Samba,Yala 2016,390043
Gampaha,Samba,Yala 2016,407573
Kalutara,Nadu,Yala 2016,6186360
Kalutara,Keeri Samba,Yala 2016,687373
Kalutara,Samba,Yala 2016,718267
Kandy,Nadu,Yala 2016,17195832
Kandy,Keeri Samba,Yala 2016,1910648
Kandy,Samba,Yala 2016,1996520
Matale,Nadu,Yala 2016,26367812
Matale,Keeri Samba,Yala 2016,2929757
Matale,Samba,Yala 2016,3061431
Nuwaraeliya,Nadu,Yala 2016,3050808
Nuwaraeliya,Keeri Samba,Yala 2016,338979
Nuwaraeliya,Samba,Yala 2016,354214
Galle,Nadu,Yala 2016,2369591
Galle,Keeri Samba,Yala 2016,263288
Galle,Samba,Yala 2016,275121
Matara,Nadu,Yala 2016,15153812
Matara,Keeri Samba,Yala 2016,1683757
Matara,Samba,Yala 2016,1759431
Hambantota,Nadu,Yala 2016,82517667
Hambantota,Keeri Samba,Yala 2016,9168630
Hambantota,Samba,Yala 2016,9580703
Mannar,Nadu,Yala 2016,6477262
Mannar,Keeri Samba,Yala 2016,719696
Mannar,Samba,Yala 2016,752042
Vavuniya,Nadu,Yala 2016,3589425
Vavuniya,Keeri Samba,Yala 2016,398825
Vavuniya,Samba,Yala 2016,416750
Mulativu,Nadu,Yala 2016,17654594
Mulativu,Keeri Samba,Yala 2016,1961622
Mulativu,Samba,Yala 2016,2049784
Killinochchi,Nadu,Yala 2016,7701986
Killinochchi,Keeri Samba,Yala 2016,855776
Killinochchi,Samba,Yala 2016,894238
Batticaloa,Nadu,Yala 2016,69510992
Batticaloa,Keeri Samba,Yala 2016,7723444
Batticaloa,Samba,Yala 2016,8070565
Ampara,Nadu,Yala 2016,237545799
Ampara,Keeri Samba,Yala 2016,26393978
Ampara,Samba,Yala 2016,27580224
Trincomalee,Nadu,Yala 2016,77671740
Trincomalee,Keeri Samba,Yala 2016,8630193
Trincomalee,Samba,Yala 2016,9018067
Kurunegala,Nadu,Yala 2016,142272430
Kurunegala,Keeri Samba,Yala 2016,15808048
Kurunegala,Samba,Yala 2016,16518522
Puttalam,Nadu,Yala 2016,30842167
Puttalam,Keeri Samba,Yala 2016,3426907
Puttalam,Samba,Yala 2016,3580926
Anuradhapura,Nadu,Yala 2016,107556455
Anuradhapura,Keeri Samba,Yala 2016,11950717
Anuradhapura,Samba,Yala 2016,12487828
Polonnaruwa,Nadu,Yala 2016,204634721
Polonnaruwa,Keeri Samba,Yala 2016,22737191
Polonnaruwa,Samba,Yala 2016,23759087
Badulla,Nadu,Yala 2016,38773126
Badulla,Keeri Samba,Yala 2016,4308125
Badulla,Samba,Yala 2016,4501749
Monaragala,Nadu,Yala 2016,32692697
Monaragala,Keeri Samba,Yala 2016,3632522
Monaragala,Samba,Yala 2016,3795781
Ratnapura,Nadu,Yala 2016,17718967
Ratnapura,Keeri Samba,Yala 2016,1968774
Ratnapura,Samba,Yala 2016,2057258
Kegalle,Nadu,Yala 2016,6183101
Kegalle,Keeri Samba,Yala 2016,687011
Kegalle,Samba,Yala 2016,717888
Uda Walawe,Nadu,Yala 2016,53814488
Uda Walawe,Keeri Samba,Yala 2016,5979388
Uda Walawe,Samba,Yala 2016,6248124
Mahaweli H,Nadu,Yala 2016,24750330
Mahaweli H,Keeri Samba,Yala 2016,2750037
Mahaweli H,Samba,Yala 2016,2873634
Colombo,Nadu,Maha 2015/2016,6829279
Colombo,Keeri Samba,Maha 2015/2016,758809
Colombo,Samba,Maha 2015/2016,792913
Gampaha,Nadu,Maha 2015/2016,26613897
Gampaha,Keeri Samba,Maha 2015/2016,2957100
Gampaha,Samba,Maha 2015/2016,3090003
Kalutara,Nadu,Maha 2015/2016,29590553
Kalutara,Keeri Samba,Maha 2015/2016,3287839
Kalutara,Samba,Maha 2015/2016,3435607
Kandy,Nadu,Maha 2015/2016,28455464
Kandy,Keeri Samba,Maha 2015/2016,3161718
Kandy,Samba,Maha 2015/2016,3303818
Matale,Nadu,Maha 2015/2016,64467055
Matale,Keeri Samba,Maha 2015/2016,7163006
Matale,Samba,Maha 2015/2016,7484939
Nuwaraeliya,Nadu,Maha 2015/2016,8445946
Nuwaraeliya,Keeri Samba,Maha 2015/2016,938438
Nuwaraeliya,Samba,Maha 2015/2016,980615
Galle,Nadu,Maha 2015/2016,19129477
Galle,Keeri Samba,Maha 2015/2016,2125497
Galle,Samba,Maha 2015/2016,2221025
Matara,Nadu,Maha 2015/2016,30908985
Matara,Keeri Samba,Maha 2015/2016,3434332
Matara,Samba,Maha 2015/2016,3588684
Hambantota,Nadu,Maha 2015/2016,104646616
Hambantota,Keeri Samba,Maha 2015/2016,11627402
Hambantota,Samba,Maha 2015/2016,12149982
Jaffna,Nadu,Maha 2015/2016,14268882
Jaffna,Keeri Samba,Maha 2015/2016,1585431
Jaffna,Samba,Maha 2015/2016,1656687
Mannar,Nadu,Maha 2015/2016,72586245
Mannar,Keeri Samba,Maha 2015/2016,8065138
Mannar,Samba,Maha 2015/2016,8427616
Vavuniya,Nadu,Maha 2015/2016,58578931
Vavuniya,Keeri Samba,Maha 2015/2016,6508770
Vavuniya,Samba,Maha 2015/2016,6801299
Mulativu,Nadu,Maha 2015/2016,37361802
Mulativu,Keeri Samba,Maha 2015/2016,4151311
Mulativu,Samba,Maha 2015/2016,4337887
Killinochchi,Nadu,Maha 2015/2016,69191570
Killinochchi,Keeri Samba,Maha 2015/2016,7687952
Killinochchi,Samba,Maha 2015/2016,8033478
Batticaloa,Nadu,Maha 2015/2016,122581520
Batticaloa,Keeri Samba,Maha 2015/2016,13620169
Batticaloa,Samba,Maha 2015/2016,14232311
Ampara,Nadu,Maha 2015/2016,280914522
Ampara,Keeri Samba,Maha 2015/2016,31201232
Ampara,Samba,Maha 2015/2016,32614769
Trincomalee,Nadu,Maha 2015/2016,118373329
Trincomalee,Keeri Samba,Maha 2015/2016,13147750
Trincomalee,Samba,Maha 2015/2016,13743393
Kurunegala,Nadu,Maha 2015/2016,271378918
Kurunegala,Keeri Samba,Maha 2015/2016,30142111
Kurunegala,Samba,Maha 2015/2016,31507665
Puttalam,Nadu,Maha 2015/2016,54156497
Puttalam,Keeri Samba,Maha 2015/2016,6015173
Puttalam,Samba,Maha 2015/2016,6287684
Anuradhapura,Nadu,Maha 2015/2016,298207022
Anuradhapura,Keeri Samba,Maha 2015/2016,33121914
Anuradhapura,Samba,Maha 2015/2016,34622465
Polonnaruwa,Nadu,Maha 2015/2016,237330055
Polonnaruwa,Keeri Samba,Maha 2015/2016,26360297
Polonnaruwa,Samba,Maha 2015/2016,27554520
Badulla,Nadu,Maha 2015/2016,81327632
Badulla,Keeri Samba,Maha 2015/2016,9033076
Badulla,Samba,Maha 2015/2016,9442310
Monaragala,Nadu,Maha 2015/2016,114768654
Monaragala,Keeri Samba,Maha 2015/2016,12747378
Monaragala,Samba,Maha 2015/2016,13324883
Ratnapura,Nadu,Maha 2015/2016,29870568
Ratnapura,Keeri Samba,Maha 2015/2016,3317730
Ratnapura,Samba,Maha 2015/2016,3468036
Kegalle,Nadu,Maha 2015/2016,17148281
Kegalle,Keeri Samba,Maha 2015/2016,1904663
Kegalle,Samba,Maha 2015/2016,1990952
Uda Walawe,Nadu,Maha 2015/2016,57652804
Uda Walawe,Keeri Samba,Maha 2015/2016,6403508
Uda Walawe,Samba,Maha 2015/2016,6693612
Mahaweli H,Nadu,Maha 2015/2016,110374438
Mahaweli H,Keeri Samba,Maha 2015/2016,12259311
Mahaweli H,Samba,Maha 2015/2016,12814705
Colombo,Nadu,Yala 2015,2050037
Colombo,Keeri Samba,Yala 2015,227698
Colombo,Samba,Yala 2015,238014
Gampaha,Nadu,Yala 2015,10305590
Gampaha,Keeri Samba,Yala 2015,1144644
Gampaha,Samba,Yala 2015,1196501
Kalutara,Nadu,Yala 2015,20370000
Kalutara,Keeri Samba,Yala 2015,2262500
Kalutara,Samba,Yala 2015,2365000
Kandy,Nadu,Yala 2015,20079116
Kandy,Keeri Samba,Yala 2015,2230192
Kandy,Samba,Yala 2015,2331228
Matale,Nadu,Yala 2015,31257358
Matale,Keeri Samba,Yala 2015,3471761
Matale,Samba,Yala 2015,3629045
Nuwaraeliya,Nadu,Yala 2015,3904522
Nuwaraeliya,Keeri Samba,Yala 2015,433676
Nuwaraeliya,Samba,Yala 2015,453323
Galle,Nadu,Yala 2015,8658065
Galle,Keeri Samba,Yala 2015,961653
Galle,Samba,Yala 2015,1005220
Matara,Nadu,Yala 2015,31540093
Matara,Keeri Samba,Yala 2015,3503164
Matara,Samba,Yala 2015,3661871
Hambantota,Nadu,Yala 2015,96301212
Hambantota,Keeri Samba,Yala 2015,10696195
Hambantota,Samba,Yala 2015,11180774
Mannar,Nadu,Yala 2015,10784693
Mannar,Keeri Samba,Yala 2015,1197858
Mannar,Samba,Yala 2015,1252126
Vavuniya,Nadu,Yala 2015,20352074
Vavuniya,Keeri Samba,Yala 2015,2260509
Vavuniya,Samba,Yala 2015,2362919
Mulativu,Nadu,Yala 2015,24320150
Mulativu,Keeri Samba,Yala 2015,2701244
Mulativu,Samba,Yala 2015,2823621
Killinochchi,Nadu,Yala 2015,22968397
Killinochchi,Keeri Samba,Yala 2015,2551104
Killinochchi,Samba,Yala 2015,2666679
Batticaloa,Nadu,Yala 2015,93270156
Batticaloa,Keeri Samba,Yala 2015,10359535
Batticaloa,Samba,Yala 2015,10828862
Ampara,Nadu,Yala 2015,252046158
Ampara,Keeri Samba,Yala 2015,27994818
Ampara,Samba,Yala 2015,29263091
Trincomalee,Nadu,Yala 2015,79755883
Trincomalee,Keeri Samba,Yala 2015,8858502
Trincomalee,Samba,Yala 2015,9259826
Kurunegala,Nadu,Yala 2015,177953950
Kurunegala,Keeri Samba,Yala 2015,19765381
Kurunegala,Samba,Yala 2015,20660829
Puttalam,Nadu,Yala 2015,40110160
Puttalam,Keeri Samba,Yala 2015,4455044
Puttalam,Samba,Yala 2015,4656874
Anuradhapura,Nadu,Yala 2015,151404506
Anuradhapura,Keeri Samba,Yala 2015,16816529
Anuradhapura,Samba,Yala 2015,17578383
Polonnaruwa,Nadu,Yala 2015,228531845
Polonnaruwa,Keeri Samba,Yala 2015,25383078
Polonnaruwa,Samba,Yala 2015,26533030
Badulla,Nadu,Yala 2015,40370896
Badulla,Keeri Samba,Yala 2015,4484004
Badulla,Samba,Yala 2015,4687146
Monaragala,Nadu,Yala 2015,49336140
Monaragala,Keeri Samba,Yala 2015,5479775
Monaragala,Samba,Yala 2015,5728030
Ratnapura,Nadu,Yala 2015,21171763
Ratnapura,Keeri Samba,Yala 2015,2351552
Ratnapura,Samba,Yala 2015,2458086
Kegalle,Nadu,Yala 2015,12273332
Kegalle,Keeri Samba,Yala 2015,1363202
Kegalle,Samba,Yala 2015,1424960
Uda Walawe,Nadu,Yala 2015,60621120
Uda Walawe,Keeri Samba,Yala 2015,6733200
Uda Walawe,Samba,Yala 2015,7038240
Mahaweli H,Nadu,Yala 2015,72936822
Mahaweli H,Keeri Samba,Yala 2015,8101108
Mahaweli H,Samba,Yala 2015,8468119
